<?xml version="1.0" encoding="UTF-8"?>
<metadata xml:lang="en"><Esri><CreaDate>20160603</CreaDate><CreaTime>10411500</CreaTime><ArcGISFormat>1.0</ArcGISFormat><SyncOnce>FALSE</SyncOnce><DataProperties><lineage><Process Name="Feature To Point" ToolSource="c:\program files (x86)\arcgis\desktop10.3\ArcToolbox\Toolboxes\Data Management Tools.tbx\FeatureToPoint" Date="20160603" Time="101727">FeatureToPoint TNC_time_transit_withdistanc_Layer D:\Xu_Data\DiDi_IACP\GIS\dest_6.shp CENTROID</Process><Process Name="Minimum Bounding Geometry" ToolSource="c:\program files (x86)\arcgis\desktop10.3\ArcToolbox\Toolboxes\Data Management Tools.tbx\MinimumBoundingGeometry" Date="20160603" Time="101730">MinimumBoundingGeometry D:\Xu_Data\DiDi_IACP\GIS\dest_6.shp D:\Xu_Data\DiDi_IACP\GIS\boundary_dest_6.shp CONVEX_HULL LIST label_dest NO_MBG_FIELDS</Process><Process Name="Select" ToolSource="c:\program files (x86)\arcgis\desktop10.3\ArcToolbox\Toolboxes\Analysis Tools.tbx\Select" Date="20160603" Time="101731">Select D:\Xu_Data\DiDi_IACP\GIS\boundary_dest_6.shp C:\Users\Yang\Documents\ArcGIS\Default.gdb\boundary_OD_Month_Select1 ""label_dest" &lt;&gt;-1"</Process><Process Name="Dissolve" ToolSource="c:\program files (x86)\arcgis\desktop10.3\ArcToolbox\Toolboxes\Data Management Tools.tbx\Dissolve" Date="20160603" Time="101732">Dissolve C:\Users\Yang\Documents\ArcGIS\Default.gdb\boundary_OD_Month_Select1 D:\Xu_Data\DiDi_IACP\GIS\boundary_dest_6_dis.shp # # MULTI_PART DISSOLVE_LINES</Process><Process Name="Add Field" ToolSource="c:\program files (x86)\arcgis\desktop10.3\ArcToolbox\Toolboxes\Data Management Tools.tbx\AddField" Date="20160603" Time="101733">AddField D:\Xu_Data\DiDi_IACP\GIS\boundary_dest_6_dis.shp AREA FLOAT # # # # NULLABLE NON_REQUIRED #</Process><Process Name="Calculate Field" ToolSource="c:\program files (x86)\arcgis\desktop10.3\ArcToolbox\Toolboxes\Data Management Tools.tbx\CalculateField" Date="20160603" Time="101733">CalculateField D:\Xu_Data\DiDi_IACP\GIS\boundary_dest_6_dis.shp AREA !Shape.Area@SQUAREKILOMETERS! PYTHON #</Process><Process Name="Add Field (2)" ToolSource="c:\program files (x86)\arcgis\desktop10.3\ArcToolbox\Toolboxes\Data Management Tools.tbx\AddField" Date="20160603" Time="101733">AddField D:\Xu_Data\DiDi_IACP\GIS\boundary_dest_6_dis.shp value LONG # # # # NULLABLE NON_REQUIRED #</Process><Process Name="Calculate Field (2)" ToolSource="c:\program files (x86)\arcgis\desktop10.3\ArcToolbox\Toolboxes\Data Management Tools.tbx\CalculateField" Date="20160603" Time="101733">CalculateField D:\Xu_Data\DiDi_IACP\GIS\boundary_dest_6_dis.shp value 1 VB #</Process></lineage><itemProps><itemName Sync="TRUE">boundary_dest_6_dis</itemName><imsContentType Sync="TRUE">002</imsContentType><itemSize Sync="TRUE">0.000</itemSize><itemLocation><linkage Sync="TRUE">file://\\YANG_LAPTOP\D\Xu_Data\DiDi_IACP\GIS\to_cartodb\boundary_dest_6_dis</linkage><protocol Sync="TRUE">Local Area Network</protocol></itemLocation></itemProps><coordRef><type Sync="TRUE">Projected</type><geogcsn Sync="TRUE">GCS_Xian_1980</geogcsn><csUnits Sync="TRUE">Linear Unit: Meter (1.000000)</csUnits><projcsn Sync="TRUE">Xian_1980_3_Degree_GK_CM_120E</projcsn><peXml Sync="TRUE">&lt;ProjectedCoordinateSystem xsi:type='typens:ProjectedCoordinateSystem' xmlns:xsi='http://www.w3.org/2001/XMLSchema-instance' xmlns:xs='http://www.w3.org/2001/XMLSchema' xmlns:typens='http://www.esri.com/schemas/ArcGIS/10.3'&gt;&lt;WKT&gt;PROJCS[&amp;quot;Xian_1980_3_Degree_GK_CM_120E&amp;quot;,GEOGCS[&amp;quot;GCS_Xian_1980&amp;quot;,DATUM[&amp;quot;D_Xian_1980&amp;quot;,SPHEROID[&amp;quot;Xian_1980&amp;quot;,6378140.0,298.257]],PRIMEM[&amp;quot;Greenwich&amp;quot;,0.0],UNIT[&amp;quot;Degree&amp;quot;,0.0174532925199433]],PROJECTION[&amp;quot;Gauss_Kruger&amp;quot;],PARAMETER[&amp;quot;False_Easting&amp;quot;,500000.0],PARAMETER[&amp;quot;False_Northing&amp;quot;,0.0],PARAMETER[&amp;quot;Central_Meridian&amp;quot;,120.0],PARAMETER[&amp;quot;Scale_Factor&amp;quot;,1.0],PARAMETER[&amp;quot;Latitude_Of_Origin&amp;quot;,0.0],UNIT[&amp;quot;Meter&amp;quot;,1.0],AUTHORITY[&amp;quot;EPSG&amp;quot;,2385]]&lt;/WKT&gt;&lt;XOrigin&gt;-5123200&lt;/XOrigin&gt;&lt;YOrigin&gt;-10002100&lt;/YOrigin&gt;&lt;XYScale&gt;450265407.00157917&lt;/XYScale&gt;&lt;ZOrigin&gt;-100000&lt;/ZOrigin&gt;&lt;ZScale&gt;10000&lt;/ZScale&gt;&lt;MOrigin&gt;-100000&lt;/MOrigin&gt;&lt;MScale&gt;10000&lt;/MScale&gt;&lt;XYTolerance&gt;0.001&lt;/XYTolerance&gt;&lt;ZTolerance&gt;0.001&lt;/ZTolerance&gt;&lt;MTolerance&gt;0.001&lt;/MTolerance&gt;&lt;HighPrecision&gt;true&lt;/HighPrecision&gt;&lt;WKID&gt;2385&lt;/WKID&gt;&lt;LatestWKID&gt;2385&lt;/LatestWKID&gt;&lt;/ProjectedCoordinateSystem&gt;</peXml></coordRef><copyHistory><copy source="D:\Xu_Data\DiDi_IACP\GIS\boundary_dest_6_dis" dest="\\YANG_LAPTOP\D\Xu_Data\DiDi_IACP\GIS\to_cartodb\boundary_dest_6_dis" date="20160603" time="10411500"></copy></copyHistory></DataProperties><SyncDate>20160603</SyncDate><SyncTime>10173200</SyncTime><ModDate>20160603</ModDate><ModTime>10173200</ModTime></Esri><dataIdInfo><envirDesc Sync="TRUE"> Version 6.2 (Build 9200) ; Esri ArcGIS 10.3.1.4959</envirDesc><dataLang><languageCode value="eng" Sync="TRUE"></languageCode><countryCode value="USA" Sync="TRUE"></countryCode></dataLang><idCitation><resTitle Sync="TRUE">boundary_dest_6_dis</resTitle><presForm><PresFormCd value="005" Sync="TRUE"></PresFormCd></presForm></idCitation><spatRpType><SpatRepTypCd value="001" Sync="TRUE"></SpatRepTypCd></spatRpType></dataIdInfo><mdLang><languageCode value="eng" Sync="TRUE"></languageCode><countryCode value="USA" Sync="TRUE"></countryCode></mdLang><mdChar><CharSetCd value="004" Sync="TRUE"></CharSetCd></mdChar><distInfo><distFormat><formatName Sync="TRUE">Shapefile</formatName></distFormat><distTranOps><transSize Sync="TRUE">0.000</transSize></distTranOps></distInfo><mdHrLv><ScopeCd value="005" Sync="TRUE"></ScopeCd></mdHrLv><mdHrLvName Sync="TRUE">dataset</mdHrLvName><refSysInfo><RefSystem><refSysID><identCode code="2385" Sync="TRUE"></identCode><idCodeSpace Sync="TRUE">EPSG</idCodeSpace><idVersion Sync="TRUE">8.6.2</idVersion></refSysID></RefSystem></refSysInfo><spatRepInfo><VectSpatRep><geometObjs Name="boundary_dest_6_dis"><geoObjTyp><GeoObjTypCd value="002" Sync="TRUE"></GeoObjTypCd></geoObjTyp><geoObjCnt Sync="TRUE">0</geoObjCnt></geometObjs><topLvl><TopoLevCd value="001" Sync="TRUE"></TopoLevCd></topLvl></VectSpatRep></spatRepInfo><spdoinfo><ptvctinf><esriterm Name="boundary_dest_6_dis"><efeatyp Sync="TRUE">Simple</efeatyp><efeageom code="4" Sync="TRUE"></efeageom><esritopo Sync="TRUE">FALSE</esritopo><efeacnt Sync="TRUE">0</efeacnt><spindex Sync="TRUE">FALSE</spindex><linrefer Sync="TRUE">FALSE</linrefer></esriterm></ptvctinf></spdoinfo><eainfo><detailed Name="boundary_dest_6_dis"><enttyp><enttypl Sync="TRUE">boundary_dest_6_dis</enttypl><enttypt Sync="TRUE">Feature Class</enttypt><enttypc Sync="TRUE">0</enttypc></enttyp><attr><attrlabl Sync="TRUE">FID</attrlabl><attalias Sync="TRUE">FID</attalias><attrtype Sync="TRUE">OID</attrtype><attwidth Sync="TRUE">4</attwidth><atprecis Sync="TRUE">0</atprecis><attscale Sync="TRUE">0</attscale><attrdef Sync="TRUE">Internal feature number.</attrdef><attrdefs Sync="TRUE">Esri</attrdefs><attrdomv><udom Sync="TRUE">Sequential unique whole numbers that are automatically generated.</udom></attrdomv></attr><attr><attrlabl Sync="TRUE">Shape</attrlabl><attalias Sync="TRUE">Shape</attalias><attrtype Sync="TRUE">Geometry</attrtype><attwidth Sync="TRUE">0</attwidth><atprecis Sync="TRUE">0</atprecis><attscale Sync="TRUE">0</attscale><attrdef Sync="TRUE">Feature geometry.</attrdef><attrdefs Sync="TRUE">Esri</attrdefs><attrdomv><udom Sync="TRUE">Coordinates defining the features.</udom></attrdomv></attr><attr><attrlabl Sync="TRUE">Id</attrlabl><attalias Sync="TRUE">Id</attalias><attrtype Sync="TRUE">Integer</attrtype><attwidth Sync="TRUE">6</attwidth><atprecis Sync="TRUE">6</atprecis><attscale Sync="TRUE">0</attscale></attr></detailed></eainfo><mdDateSt Sync="TRUE">20160603</mdDateSt></metadata>
