<?xml version="1.0" encoding="UTF-8"?>
<metadata xml:lang="en"><Esri><CreaDate>20160603</CreaDate><CreaTime>10490000</CreaTime><ArcGISFormat>1.0</ArcGISFormat><SyncOnce>TRUE</SyncOnce><DataProperties><lineage><Process Name="Feature To Point" ToolSource="c:\program files (x86)\arcgis\desktop10.3\ArcToolbox\Toolboxes\Data Management Tools.tbx\FeatureToPoint" Date="20160603" Time="101727">FeatureToPoint TNC_time_transit_withdistanc_Layer D:\Xu_Data\DiDi_IACP\GIS\dest_6.shp CENTROID</Process></lineage><itemProps><itemLocation><linkage Sync="TRUE">file://\\YANG_LAPTOP\D\Xu_Data\DiDi_IACP\GIS\to_cartodb\dest_6</linkage><protocol Sync="TRUE">Local Area Network</protocol></itemLocation></itemProps><copyHistory><copy source="D:\Xu_Data\DiDi_IACP\GIS\dest_6" dest="\\YANG_LAPTOP\D\Xu_Data\DiDi_IACP\GIS\to_cartodb\dest_6" date="20160603" time="10490000"></copy></copyHistory></DataProperties></Esri></metadata>
