<?xml version="1.0" encoding="UTF-8"?>
<metadata xml:lang="en"><Esri><CreaDate>20160622</CreaDate><CreaTime>15572400</CreaTime><ArcGISFormat>1.0</ArcGISFormat><SyncOnce>TRUE</SyncOnce><DataProperties><lineage><Process Name="Feature To Point" ToolSource="c:\program files (x86)\arcgis\desktop10.3\ArcToolbox\Toolboxes\Data Management Tools.tbx\FeatureToPoint" Date="20160603" Time="101804">FeatureToPoint TNC_time_transit_withdistanc_Layer D:\Xu_Data\DiDi_IACP\GIS\dest_7.shp CENTROID</Process></lineage><itemProps><itemLocation><linkage Sync="TRUE">file://\\YANG_LAPTOP\D\Xu_Data\DiDi_IACP\GIS\to_mapbox\dest_7</linkage><protocol Sync="TRUE">Local Area Network</protocol></itemLocation></itemProps><copyHistory><copy source="D:\Xu_Data\DiDi_IACP\GIS\dest_7" dest="\\YANG_LAPTOP\D\Xu_Data\DiDi_IACP\GIS\to_mapbox\dest_7" date="20160622" time="15572400"></copy></copyHistory></DataProperties></Esri></metadata>
